pickup_date,temp_max,temp_min,temp_mean,precip_mm,snow_mm,wind_max,weather_code,conditions
2023-01-01,12.0,5.0,9.0,2.1,0.0,17.4,55,Rainy
2023-01-02,12.9,4.6,7.9,0.5,0.0,9.0,51,Rainy
2023-01-03,12.9,6.3,9.5,9.5,0.0,19.4,63,Rainy
2023-01-04,18.0,9.6,13.1,2.3,0.0,18.2,53,Rainy
2023-01-05,13.2,7.5,10.0,0.0,0.0,12.1,3,Partly cloudy
2023-01-06,8.7,3.3,6.2,9.6,0.0,16.3,61,Rainy
2023-01-07,8.3,0.5,3.7,0.0,0.0,20.2,3,Partly cloudy
2023-01-08,4.3,-2.3,1.4,0.0,0.0,13.7,3,Partly cloudy
2023-01-09,7.3,0.8,3.1,1.5,0.21,17.9,71,Snowy
2023-01-10,6.3,0.1,2.7,0.0,0.0,14.6,3,Partly cloudy
2023-01-11,3.9,-1.2,1.0,0.0,0.0,13.8,3,Partly cloudy
2023-01-12,9.8,-0.6,5.3,11.9,0.0,21.0,63,Rainy
2023-01-13,12.7,3.1,9.3,1.6,0.0,27.1,51,Rainy
2023-01-14,2.9,-0.5,1.0,0.0,0.0,26.3,3,Partly cloudy
2023-01-15,5.2,-1.7,0.7,0.0,0.0,33.8,3,Partly cloudy
2023-01-16,8.2,-2.4,1.6,0.0,0.0,26.3,1,Partly cloudy
2023-01-17,7.5,-2.0,2.5,1.4,0.0,13.3,53,Rainy
2023-01-18,10.8,3.0,6.7,1.7,0.0,25.5,53,Rainy
2023-01-19,5.7,2.4,4.0,23.5,0.0,16.3,63,Rainy
2023-01-20,9.0,1.9,5.4,0.6,0.0,30.7,53,Rainy
2023-01-21,6.2,-1.9,2.8,0.2,0.0,19.9,51,Rainy
2023-01-22,5.6,-3.4,1.4,5.4,0.0,15.8,61,Rainy
2023-01-23,3.1,1.3,2.5,16.9,0.28,25.0,73,Snowy
2023-01-24,7.8,-1.1,2.3,0.0,0.0,27.7,3,Partly cloudy
2023-01-25,10.6,-2.4,2.2,20.0,0.42,44.7,73,Snowy
2023-01-26,11.9,3.0,7.5,14.5,0.0,36.0,63,Rainy
2023-01-27,6.2,-1.6,2.2,0.0,0.0,19.2,3,Partly cloudy
2023-01-28,10.9,-0.8,4.4,0.0,0.0,23.8,3,Partly cloudy
2023-01-29,10.5,0.2,5.6,0.0,0.0,22.5,3,Partly cloudy
2023-01-30,11.7,2.5,6.1,0.0,0.0,13.2,3,Partly cloudy
2023-01-31,6.5,0.5,3.4,2.5,0.42,19.1,73,Snowy
2023-02-01,3.2,-3.3,-0.6,1.6,1.12,16.5,73,Snowy
2023-02-02,4.1,-4.4,-0.2,0.0,0.0,19.1,3,Partly cloudy
2023-02-03,0.3,-10.7,-4.4,0.0,0.0,42.2,3,Partly cloudy
2023-02-04,-3.9,-16.5,-9.5,0.0,0.0,39.8,3,Partly cloudy
2023-02-05,9.2,-4.7,1.4,0.0,0.0,19.1,3,Partly cloudy
2023-02-06,10.2,-1.0,4.2,0.0,0.0,29.2,3,Partly cloudy
2023-02-07,3.7,-4.1,0.4,2.6,0.14,21.6,71,Snowy
2023-02-08,10.5,1.2,4.8,0.7,0.0,22.5,53,Rainy
2023-02-09,11.2,-1.8,4.7,0.0,0.0,20.9,3,Partly cloudy
2023-02-10,14.1,6.0,11.2,0.0,0.0,28.1,3,Partly cloudy
2023-02-11,6.8,0.5,3.7,0.0,0.0,23.5,3,Partly cloudy
2023-02-12,6.9,-0.6,2.8,0.8,0.42,18.7,73,Snowy
2023-02-13,13.4,2.5,6.6,1.8,0.35,23.9,73,Snowy
2023-02-14,11.4,2.6,6.3,0.0,0.0,23.2,3,Partly cloudy
2023-02-15,17.0,3.1,10.2,0.0,0.0,26.9,3,Partly cloudy
2023-02-16,19.3,9.3,12.7,2.9,0.0,17.6,61,Rainy
2023-02-17,15.4,0.4,9.7,8.1,0.0,33.8,61,Rainy
2023-02-18,5.8,-2.7,0.9,0.0,0.0,28.9,2,Partly cloudy
2023-02-19,8.2,-0.4,4.0,0.0,0.0,29.8,3,Partly cloudy
2023-02-20,15.4,5.6,9.0,0.0,0.0,25.3,3,Partly cloudy
2023-02-21,8.4,2.0,4.4,7.1,0.42,17.8,73,Snowy
2023-02-22,5.6,-0.8,2.5,4.4,0.28,15.0,73,Snowy
2023-02-23,7.8,2.7,4.6,0.6,0.0,16.1,51,Rainy
2023-02-24,7.5,-2.1,3.9,0.0,0.0,35.3,3,Partly cloudy
2023-02-25,0.3,-5.6,-3.0,0.7,0.49,19.8,71,Snowy
2023-02-26,10.2,-3.8,2.2,0.0,0.0,34.7,3,Partly cloudy
2023-02-27,5.0,-2.2,1.6,3.8,2.59,23.7,75,Snowy
2023-02-28,2.2,-0.6,1.0,13.1,7.28,24.8,75,Snowy
2023-03-01,5.9,-2.5,1.9,3.4,1.75,22.0,75,Snowy
2023-03-02,13.8,2.3,6.8,1.5,0.0,23.2,53,Rainy
2023-03-03,7.5,-1.6,3.3,2.8,0.0,30.4,61,Rainy
2023-03-04,7.2,3.3,5.4,41.8,0.0,38.4,65,Rainy
2023-03-05,12.3,-0.4,5.5,0.0,0.0,27.4,3,Partly cloudy
2023-03-06,10.2,1.4,5.9,0.0,0.0,23.1,3,Partly cloudy
2023-03-07,7.5,1.2,3.7,2.7,1.75,36.3,73,Snowy
2023-03-08,9.5,-2.1,2.9,0.0,0.0,34.6,3,Partly cloudy
2023-03-09,10.5,-0.5,4.3,0.0,0.0,22.3,3,Partly cloudy
2023-03-10,7.5,-1.3,3.3,7.3,0.0,16.8,63,Rainy
2023-03-11,7.0,1.8,4.2,13.1,1.33,25.8,75,Snowy
2023-03-12,7.9,-1.1,3.4,0.0,0.0,19.2,3,Partly cloudy
2023-03-13,5.9,3.7,4.7,16.7,0.0,20.5,61,Rainy
2023-03-14,3.4,1.2,2.1,12.2,2.94,44.3,73,Snowy
2023-03-15,7.1,0.9,3.3,0.0,0.0,38.7,3,Partly cloudy
2023-03-16,13.4,-1.3,5.5,0.0,0.0,19.9,3,Partly cloudy
2023-03-17,14.4,2.5,8.5,0.0,0.0,22.2,3,Partly cloudy
2023-03-18,11.1,3.1,7.6,0.7,0.0,26.1,51,Rainy
2023-03-19,3.8,-2.8,1.2,0.0,0.0,27.3,3,Partly cloudy
2023-03-20,10.7,-3.3,3.2,0.0,0.0,17.8,0,Clear
2023-03-21,15.8,-1.0,7.4,0.0,0.0,20.1,3,Partly cloudy
2023-03-22,13.3,2.4,7.8,0.0,0.0,23.1,3,Partly cloudy
2023-03-23,15.0,5.3,10.7,2.8,0.0,24.5,61,Rainy
2023-03-24,13.1,5.7,8.7,0.2,0.0,19.1,51,Rainy
2023-03-25,7.5,3.0,5.6,11.5,0.0,31.4,63,Rainy
2023-03-26,15.1,3.3,9.4,0.0,0.0,24.5,3,Partly cloudy
2023-03-27,14.9,2.6,7.8,2.6,0.0,23.7,61,Rainy
2023-03-28,11.2,3.1,6.6,0.6,0.0,21.1,51,Rainy
2023-03-29,11.0,-0.1,5.3,0.0,0.0,24.2,3,Partly cloudy
2023-03-30,7.6,-1.5,3.3,0.1,0.0,28.5,51,Rainy
2023-03-31,10.1,-0.8,6.0,0.0,0.0,29.4,3,Partly cloudy
2023-04-01,19.7,9.6,14.9,10.1,0.0,26.7,63,Rainy
2023-04-02,10.7,3.3,6.9,0.0,0.0,35.3,3,Partly cloudy
2023-04-03,13.4,-0.2,7.1,0.0,0.0,30.9,3,Partly cloudy
2023-04-04,18.7,6.0,13.3,0.0,0.0,16.8,3,Partly cloudy
2023-04-05,13.6,9.4,11.7,0.4,0.0,20.5,51,Rainy
2023-04-06,26.5,10.7,16.6,3.3,0.0,18.7,61,Rainy
2023-04-07,14.0,6.9,11.2,0.0,0.0,21.9,3,Partly cloudy
2023-04-08,10.4,1.8,6.1,0.0,0.0,19.9,3,Partly cloudy
2023-04-09,11.8,1.2,6.4,0.0,0.0,24.2,3,Partly cloudy
2023-04-10,17.9,2.2,9.1,0.0,0.0,18.8,0,Clear
2023-04-11,23.0,6.5,14.8,0.0,0.0,26.0,3,Partly cloudy
2023-04-12,27.5,15.6,20.5,0.0,0.0,24.1,3,Partly cloudy
2023-04-13,31.1,12.0,22.1,0.0,0.0,20.6,0,Clear
2023-04-14,29.6,13.9,22.0,0.0,0.0,19.2,3,Partly cloudy
2023-04-15,21.0,14.6,17.6,5.0,0.0,19.5,63,Rainy
2023-04-16,21.0,12.3,15.8,0.0,0.0,17.7,3,Partly cloudy
2023-04-17,20.1,11.6,14.4,3.1,0.0,24.5,63,Rainy
2023-04-18,14.5,7.1,11.3,0.1,0.0,36.5,51,Rainy
2023-04-19,17.5,4.3,10.4,0.0,0.0,24.5,3,Partly cloudy
2023-04-20,15.9,5.8,10.5,0.0,0.0,16.2,3,Partly cloudy
2023-04-21,19.1,8.2,13.1,0.0,0.0,23.9,3,Partly cloudy
2023-04-22,19.8,9.9,14.3,15.7,0.0,30.5,63,Rainy
2023-04-23,19.2,11.3,14.6,18.4,0.0,20.6,63,Rainy
2023-04-24,16.2,6.3,11.2,0.0,0.0,19.1,3,Partly cloudy
2023-04-25,15.2,5.6,10.4,0.3,0.0,13.2,51,Rainy
2023-04-26,13.9,6.2,10.0,0.9,0.0,22.1,53,Rainy
2023-04-27,13.5,7.4,10.6,0.7,0.0,16.8,51,Rainy
2023-04-28,13.1,6.8,9.8,6.1,0.0,23.3,61,Rainy
2023-04-29,12.3,8.8,10.7,59.5,0.0,30.7,63,Rainy
2023-04-30,14.9,10.5,12.8,22.2,0.0,27.5,63,Rainy
2023-05-01,15.7,7.6,12.6,1.8,0.0,38.6,53,Rainy
2023-05-02,13.5,8.4,10.4,0.8,0.0,26.9,51,Rainy
2023-05-03,12.6,5.8,9.5,0.7,0.0,14.8,51,Rainy
2023-05-04,14.5,6.4,10.2,1.7,0.0,16.3,53,Rainy
2023-05-05,17.2,6.9,11.6,3.5,0.0,11.9,63,Rainy
2023-05-06,21.1,6.6,14.2,0.0,0.0,19.0,3,Partly cloudy
2023-05-07,23.8,9.3,16.4,0.0,0.0,22.1,3,Partly cloudy
2023-05-08,23.7,12.9,18.2,0.0,0.0,21.2,3,Partly cloudy
2023-05-09,19.3,9.8,14.1,0.0,0.0,21.7,3,Partly cloudy
2023-05-10,21.2,7.2,14.3,0.0,0.0,19.8,1,Partly cloudy
2023-05-11,25.4,9.6,17.8,0.0,0.0,21.7,3,Partly cloudy
2023-05-12,29.6,13.0,21.1,0.0,0.0,15.3,3,Partly cloudy
2023-05-13,27.4,17.6,22.0,0.0,0.0,19.7,3,Partly cloudy
2023-05-14,22.9,12.6,17.6,0.0,0.0,22.0,3,Partly cloudy
2023-05-15,25.4,9.7,17.5,0.0,0.0,18.7,3,Partly cloudy
2023-05-16,27.8,12.8,20.3,0.0,0.0,24.9,3,Partly cloudy
2023-05-17,18.8,10.7,15.1,0.0,0.0,26.4,3,Partly cloudy
2023-05-18,14.3,6.9,11.1,0.0,0.0,22.1,0,Clear
2023-05-19,19.6,10.5,14.9,0.0,0.0,33.0,3,Partly cloudy
2023-05-20,17.6,13.6,15.8,26.9,0.0,15.9,63,Rainy
2023-05-21,21.9,13.0,17.3,0.6,0.0,23.0,53,Rainy
2023-05-22,23.0,12.3,16.9,0.2,0.0,20.6,51,Rainy
2023-05-23,19.5,11.1,14.5,0.0,0.0,21.5,3,Partly cloudy
2023-05-24,21.9,9.9,15.6,0.7,0.0,25.0,53,Rainy
2023-05-25,19.2,10.1,14.7,0.0,0.0,25.9,3,Partly cloudy
2023-05-26,22.3,10.1,16.1,0.0,0.0,15.3,1,Partly cloudy
2023-05-27,24.4,9.9,17.2,0.0,0.0,20.1,3,Partly cloudy
2023-05-28,23.7,11.7,17.7,0.0,0.0,19.9,3,Partly cloudy
2023-05-29,24.7,13.8,18.5,0.0,0.0,28.5,3,Partly cloudy
2023-05-30,20.4,11.8,15.6,0.0,0.0,18.6,0,Clear
2023-05-31,22.6,10.8,16.1,0.0,0.0,15.3,1,Partly cloudy
2023-06-01,27.4,12.3,19.5,0.0,0.0,17.4,3,Partly cloudy
2023-06-02,30.8,15.2,22.3,0.0,0.0,17.1,3,Partly cloudy
2023-06-03,20.2,14.1,18.4,3.5,0.0,22.3,61,Rainy
2023-06-04,21.5,10.5,15.5,0.1,0.0,25.0,51,Rainy
2023-06-05,24.0,11.6,17.8,0.0,0.0,21.5,3,Partly cloudy
2023-06-06,25.8,14.6,19.6,0.2,0.0,33.9,51,Rainy
2023-06-07,25.1,13.3,18.8,0.0,0.0,21.3,2,Partly cloudy
2023-06-08,22.4,10.7,16.8,0.0,0.0,19.2,2,Partly cloudy
2023-06-09,22.9,11.7,16.9,0.9,0.0,20.0,53,Rainy
2023-06-10,26.4,12.3,19.1,0.2,0.0,18.1,51,Rainy
2023-06-11,27.2,16.4,21.3,0.0,0.0,18.6,3,Partly cloudy
2023-06-12,24.0,19.3,21.0,8.5,0.0,27.0,63,Rainy
2023-06-13,26.4,16.2,21.0,0.0,0.0,21.6,3,Partly cloudy
2023-06-14,24.7,14.9,18.5,9.5,0.0,24.1,63,Rainy
2023-06-15,26.2,15.0,20.4,0.0,0.0,20.4,3,Partly cloudy
2023-06-16,25.9,15.2,19.2,10.8,0.0,18.8,63,Rainy
2023-06-17,25.5,14.8,20.0,0.1,0.0,31.6,51,Rainy
2023-06-18,26.5,15.8,21.4,0.0,0.0,19.2,3,Partly cloudy
2023-06-19,25.3,16.3,20.5,1.4,0.0,20.0,53,Rainy
2023-06-20,23.5,16.5,19.5,0.0,0.0,21.3,3,Partly cloudy
2023-06-21,22.9,15.5,18.8,0.3,0.0,23.4,51,Rainy
2023-06-22,21.1,15.5,18.2,0.3,0.0,25.0,51,Rainy
2023-06-23,22.9,17.1,19.8,12.4,0.0,21.8,63,Rainy
2023-06-24,25.7,19.3,21.6,21.2,0.0,16.9,63,Rainy
2023-06-25,28.6,18.7,23.0,1.9,0.0,17.9,53,Rainy
2023-06-26,25.6,19.1,21.8,4.6,0.0,20.3,61,Rainy
2023-06-27,26.4,19.4,21.8,18.7,0.0,18.8,65,Rainy
2023-06-28,28.7,18.9,22.9,2.1,0.0,13.8,53,Rainy
2023-06-29,28.7,16.3,22.4,0.0,0.0,14.3,3,Partly cloudy
2023-06-30,29.3,17.1,23.0,0.0,0.0,21.1,3,Partly cloudy
2023-07-01,26.9,17.7,22.5,0.0,0.0,24.7,3,Partly cloudy
2023-07-02,31.3,20.4,24.5,16.1,0.0,20.6,63,Rainy
2023-07-03,31.2,22.4,25.6,17.8,0.0,16.8,65,Rainy
2023-07-04,29.4,21.3,24.7,5.4,0.0,13.2,61,Rainy
2023-07-05,32.3,21.1,26.3,0.0,0.0,15.2,3,Partly cloudy
2023-07-06,31.3,21.5,26.0,0.0,0.0,20.0,0,Clear
2023-07-07,29.7,21.9,25.2,0.6,0.0,18.4,51,Rainy
2023-07-08,29.6,22.6,25.4,4.4,0.0,15.2,53,Rainy
2023-07-09,27.0,21.6,23.2,18.5,0.0,14.9,63,Rainy
2023-07-10,28.7,21.3,24.3,1.3,0.0,17.2,53,Rainy
2023-07-11,31.8,17.1,24.8,0.0,0.0,10.6,0,Clear
2023-07-12,33.1,19.7,26.7,0.0,0.0,16.3,3,Partly cloudy
2023-07-13,31.9,21.3,26.9,0.2,0.0,24.4,51,Rainy
2023-07-14,28.3,21.4,24.4,36.6,0.0,20.7,65,Rainy
2023-07-15,29.5,20.5,24.8,8.0,0.0,16.8,63,Rainy
2023-07-16,26.0,21.9,24.0,41.4,0.0,18.2,65,Rainy
2023-07-17,31.8,20.1,25.6,0.1,0.0,17.6,51,Rainy
2023-07-18,29.7,21.4,25.0,8.3,0.0,17.1,63,Rainy
2023-07-19,27.6,18.8,23.0,3.8,0.0,10.9,55,Rainy
2023-07-20,28.6,20.0,24.1,0.5,0.0,14.9,51,Rainy
2023-07-21,29.6,21.9,24.3,3.5,0.0,15.6,53,Rainy
2023-07-22,28.5,18.6,23.6,0.0,0.0,15.1,3,Partly cloudy
2023-07-23,30.1,17.4,23.9,0.5,0.0,19.3,51,Rainy
2023-07-24,28.8,18.6,24.3,1.9,0.0,23.1,61,Rainy
2023-07-25,28.7,19.3,23.2,9.0,0.0,15.1,63,Rainy
2023-07-26,30.1,17.1,23.9,0.4,0.0,20.9,51,Rainy
2023-07-27,33.9,22.3,27.2,0.7,0.0,27.5,51,Rainy
2023-07-28,34.3,21.4,27.7,0.0,0.0,17.3,3,Partly cloudy
2023-07-29,33.9,23.4,27.9,4.3,0.0,32.8,61,Rainy
2023-07-30,26.3,17.7,22.0,0.0,0.0,19.6,3,Partly cloudy
2023-07-31,29.5,15.6,22.7,0.0,0.0,14.9,2,Partly cloudy
2023-08-01,27.1,17.1,22.0,0.0,0.0,18.9,1,Partly cloudy
2023-08-02,27.8,14.6,20.9,0.0,0.0,16.9,3,Partly cloudy
2023-08-03,26.4,15.6,21.6,0.9,0.0,30.0,51,Rainy
2023-08-04,27.5,18.5,23.1,0.9,0.0,21.3,51,Rainy
2023-08-05,30.8,18.3,24.5,0.2,0.0,12.9,51,Rainy
2023-08-06,29.9,18.2,24.2,0.0,0.0,21.8,3,Partly cloudy
2023-08-07,27.8,22.1,24.2,37.9,0.0,31.2,65,Rainy
2023-08-08,27.2,21.6,23.9,15.2,0.0,30.6,65,Rainy
2023-08-09,29.5,19.8,24.4,0.1,0.0,22.4,51,Rainy
2023-08-10,25.5,18.8,22.0,11.9,0.0,14.9,63,Rainy
2023-08-11,29.2,18.2,23.4,0.1,0.0,20.2,51,Rainy
2023-08-12,28.2,17.2,22.8,8.6,0.0,16.6,63,Rainy
2023-08-13,30.7,21.6,25.4,2.9,0.0,20.8,53,Rainy
2023-08-14,30.9,18.8,24.5,1.3,0.0,20.5,55,Rainy
2023-08-15,27.1,21.3,24.0,20.3,0.0,17.5,65,Rainy
2023-08-16,26.6,20.8,23.0,4.0,0.0,14.4,55,Rainy
2023-08-17,25.7,20.4,22.9,5.9,0.0,20.3,61,Rainy
2023-08-18,27.0,19.7,23.7,3.1,0.0,25.3,61,Rainy
2023-08-19,26.4,15.4,20.7,0.0,0.0,21.0,3,Partly cloudy
2023-08-20,29.9,15.2,22.7,0.0,0.0,14.4,3,Partly cloudy
2023-08-21,31.1,18.5,25.0,0.1,0.0,15.1,51,Rainy
2023-08-22,26.1,18.0,22.2,0.0,0.0,22.7,3,Partly cloudy
2023-08-23,25.6,16.0,20.4,0.0,0.0,18.1,3,Partly cloudy
2023-08-24,24.5,19.6,21.4,2.2,0.0,26.4,53,Rainy
2023-08-25,28.0,20.6,23.5,11.1,0.0,19.7,63,Rainy
2023-08-26,30.2,19.9,24.7,0.4,0.0,14.8,51,Rainy
2023-08-27,28.4,18.5,23.2,0.5,0.0,13.3,51,Rainy
2023-08-28,25.0,18.9,21.6,1.1,0.0,18.4,51,Rainy
2023-08-29,27.7,17.8,22.6,1.6,0.0,13.5,53,Rainy
2023-08-30,29.6,21.0,24.4,0.7,0.0,20.7,53,Rainy
2023-08-31,25.2,17.2,20.6,0.0,0.0,22.5,3,Partly cloudy
2023-09-01,24.5,13.7,18.9,0.0,0.0,13.7,0,Clear
2023-09-02,27.0,13.0,19.7,0.0,0.0,24.2,3,Partly cloudy
2023-09-03,32.4,18.0,25.2,0.3,0.0,16.8,51,Rainy
2023-09-04,33.9,19.9,27.0,1.2,0.0,18.1,55,Rainy
2023-09-05,35.4,22.1,28.1,0.0,0.0,14.1,3,Partly cloudy
2023-09-06,35.9,23.0,28.9,0.0,0.0,9.4,3,Partly cloudy
2023-09-07,35.3,21.6,27.7,3.8,0.0,18.5,63,Rainy
2023-09-08,31.7,20.4,25.2,14.3,0.0,16.1,63,Rainy
2023-09-09,29.3,20.8,23.7,8.5,0.0,12.6,63,Rainy
2023-09-10,24.6,19.6,21.9,16.5,0.0,10.7,63,Rainy
2023-09-11,27.7,19.9,22.9,4.4,0.0,10.5,61,Rainy
2023-09-12,29.0,19.1,23.1,0.2,0.0,11.9,51,Rainy
2023-09-13,26.7,19.8,22.3,17.1,0.0,11.9,63,Rainy
2023-09-14,25.0,17.1,20.3,0.0,0.0,16.9,3,Partly cloudy
2023-09-15,21.5,13.7,17.3,0.0,0.0,23.3,3,Partly cloudy
2023-09-16,24.5,15.2,19.0,0.0,0.0,22.0,3,Partly cloudy
2023-09-17,24.3,11.8,18.4,0.5,0.0,14.8,51,Rainy
2023-09-18,21.5,16.6,18.9,13.9,0.0,17.3,63,Rainy
2023-09-19,23.5,13.4,17.9,0.0,0.0,21.5,0,Clear
2023-09-20,23.5,11.7,17.2,0.0,0.0,14.3,3,Partly cloudy
2023-09-21,22.8,11.6,16.8,0.0,0.0,13.0,3,Partly cloudy
2023-09-22,22.4,13.0,17.2,0.0,0.0,22.6,3,Partly cloudy
2023-09-23,16.2,13.6,15.1,42.3,0.0,31.4,65,Rainy
2023-09-24,19.8,16.0,17.2,17.3,0.0,31.9,63,Rainy
2023-09-25,17.3,14.4,16.1,17.5,0.0,30.8,63,Rainy
2023-09-26,17.0,13.4,15.2,8.5,0.0,24.6,61,Rainy
2023-09-27,17.8,9.4,13.7,0.0,0.0,19.4,3,Partly cloudy
2023-09-28,18.8,10.7,14.3,0.1,0.0,17.5,51,Rainy
2023-09-29,17.2,13.2,15.2,69.9,0.0,25.5,65,Rainy
2023-09-30,21.7,13.0,16.3,1.0,0.0,20.4,53,Rainy
2023-10-01,25.1,14.2,18.9,0.0,0.0,18.7,0,Clear
2023-10-02,25.4,15.8,19.8,0.0,0.0,16.0,3,Partly cloudy
2023-10-03,27.4,13.1,19.3,0.0,0.0,8.6,3,Partly cloudy
2023-10-04,27.8,14.9,20.1,0.0,0.0,12.6,3,Partly cloudy
2023-10-05,24.1,13.1,17.9,0.0,0.0,17.4,3,Partly cloudy
2023-10-06,22.5,17.6,19.8,2.6,0.0,15.0,53,Rainy
2023-10-07,20.7,11.8,17.1,60.4,0.0,29.1,65,Rainy
2023-10-08,16.9,9.4,12.9,0.0,0.0,24.5,3,Partly cloudy
2023-10-09,15.7,7.3,11.5,0.1,0.0,23.9,51,Rainy
2023-10-10,18.0,7.9,13.4,0.0,0.0,19.7,3,Partly cloudy
2023-10-11,20.7,8.2,14.0,0.0,0.0,14.2,3,Partly cloudy
2023-10-12,21.1,7.2,13.8,0.0,0.0,11.0,3,Partly cloudy
2023-10-13,17.7,8.8,12.8,0.0,0.0,14.0,3,Partly cloudy
2023-10-14,11.9,9.4,10.5,15.1,0.0,16.7,63,Rainy
2023-10-15,16.7,9.5,12.1,1.2,0.0,24.8,53,Rainy
2023-10-16,17.7,7.1,11.6,0.2,0.0,19.9,51,Rainy
2023-10-17,16.9,8.2,12.2,0.6,0.0,12.1,51,Rainy
2023-10-18,17.3,6.9,12.2,0.3,0.0,8.9,51,Rainy
2023-10-19,18.1,7.2,12.7,0.0,0.0,19.6,3,Partly cloudy
2023-10-20,17.3,12.8,15.3,27.2,0.0,25.7,65,Rainy
2023-10-21,17.8,12.8,14.6,5.9,0.0,25.6,61,Rainy
2023-10-22,13.9,9.2,11.5,0.0,0.0,27.5,3,Partly cloudy
2023-10-23,16.1,7.4,10.6,0.0,0.0,22.2,3,Partly cloudy
2023-10-24,17.8,4.3,10.6,0.0,0.0,11.9,3,Partly cloudy
2023-10-25,22.1,7.8,14.3,0.0,0.0,14.7,3,Partly cloudy
2023-10-26,26.0,9.4,17.0,0.0,0.0,14.4,3,Partly cloudy
2023-10-27,24.7,12.5,17.5,0.0,0.0,14.8,3,Partly cloudy
2023-10-28,27.1,16.3,20.6,0.0,0.0,18.7,3,Partly cloudy
2023-10-29,16.3,10.7,12.8,6.9,0.0,19.2,63,Rainy
2023-10-30,19.2,10.4,13.9,2.0,0.0,25.0,53,Rainy
2023-10-31,10.6,6.7,9.2,0.2,0.0,18.1,51,Rainy
2023-11-01,9.8,3.5,6.7,3.5,0.0,23.3,53,Rainy
2023-11-02,9.7,-0.3,4.4,0.0,0.0,12.2,3,Partly cloudy
2023-11-03,13.2,0.3,6.5,0.0,0.0,17.7,1,Partly cloudy
2023-11-04,15.0,3.7,8.6,0.0,0.0,11.0,3,Partly cloudy
2023-11-05,17.1,4.5,10.4,0.0,0.0,14.8,3,Partly cloudy
2023-11-06,12.1,4.0,8.1,0.1,0.0,12.6,51,Rainy
2023-11-07,20.3,10.7,14.0,5.7,0.0,20.3,63,Rainy
2023-11-08,10.9,4.5,7.5,0.0,0.0,19.3,3,Partly cloudy
2023-11-09,15.3,2.8,9.2,0.4,0.0,12.0,51,Rainy
2023-11-10,10.8,5.7,8.2,0.3,0.0,16.3,51,Rainy
2023-11-11,12.3,4.0,7.3,0.0,0.0,18.1,3,Partly cloudy
2023-11-12,7.2,-0.2,2.9,0.0,0.0,13.3,3,Partly cloudy
2023-11-13,9.0,-2.1,3.2,0.0,0.0,13.6,3,Partly cloudy
2023-11-14,11.2,1.9,6.1,0.0,0.0,27.9,3,Partly cloudy
2023-11-15,10.9,-1.1,5.0,0.0,0.0,14.7,3,Partly cloudy
2023-11-16,17.9,1.9,8.8,0.0,0.0,10.5,3,Partly cloudy
2023-11-17,19.6,4.4,11.6,0.0,0.0,18.5,3,Partly cloudy
2023-11-18,13.2,3.5,10.0,1.2,0.0,25.9,51,Rainy
2023-11-19,12.5,1.1,6.1,0.0,0.0,20.9,1,Partly cloudy
2023-11-20,7.2,-0.9,3.2,0.0,0.0,18.7,3,Partly cloudy
2023-11-21,8.5,-1.3,3.9,7.9,0.0,29.8,61,Rainy
2023-11-22,14.5,8.3,11.2,24.7,0.0,38.3,63,Rainy
2023-11-23,11.2,5.2,8.0,0.0,0.0,20.9,3,Partly cloudy
2023-11-24,9.9,0.1,5.2,0.0,0.0,22.7,3,Partly cloudy
2023-11-25,4.3,-3.1,0.5,0.0,0.0,15.8,3,Partly cloudy
2023-11-26,10.6,-2.6,4.3,5.5,0.0,34.3,63,Rainy
2023-11-27,12.8,2.9,7.5,4.4,0.0,37.6,63,Rainy
2023-11-28,4.0,-1.8,0.9,0.1,0.07,28.9,71,Snowy
2023-11-29,2.6,-4.4,-1.2,0.0,0.0,21.0,3,Partly cloudy
2023-11-30,9.7,-2.6,3.0,0.0,0.0,17.6,3,Partly cloudy
2023-12-01,7.9,-0.2,5.0,5.3,0.0,14.3,61,Rainy
2023-12-02,16.2,4.4,8.8,0.1,0.0,16.3,51,Rainy
2023-12-03,10.2,5.8,8.6,16.2,0.0,19.1,63,Rainy
2023-12-04,10.9,4.8,7.3,0.0,0.0,21.0,3,Partly cloudy
2023-12-05,6.7,1.6,3.9,0.0,0.0,14.7,3,Partly cloudy
2023-12-06,5.1,-2.2,1.5,0.1,0.0,22.3,51,Rainy
2023-12-07,3.5,-3.3,0.2,0.0,0.0,17.5,3,Partly cloudy
2023-12-08,9.2,-2.0,3.0,0.0,0.0,11.0,3,Partly cloudy
2023-12-09,13.5,1.2,6.7,0.0,0.0,12.0,3,Partly cloudy
2023-12-10,17.0,5.1,11.8,28.1,0.0,29.2,63,Rainy
2023-12-11,14.1,2.7,5.9,26.9,0.0,35.1,65,Rainy
2023-12-12,6.3,-2.3,2.2,0.0,0.0,18.1,1,Partly cloudy
2023-12-13,7.5,0.1,3.0,0.0,0.0,18.2,0,Clear
2023-12-14,4.7,-3.2,0.5,0.0,0.0,13.1,3,Partly cloudy
2023-12-15,12.5,-0.6,4.5,0.0,0.0,16.6,3,Partly cloudy
2023-12-16,11.6,3.0,6.1,0.0,0.0,12.6,3,Partly cloudy
2023-12-17,13.1,5.2,9.5,16.8,0.0,23.0,63,Rainy
2023-12-18,15.6,5.9,11.6,78.9,0.0,53.5,65,Rainy
2023-12-19,6.2,-0.9,3.0,0.0,0.0,24.0,3,Partly cloudy
2023-12-20,7.6,-3.7,1.3,0.0,0.0,16.4,1,Partly cloudy
2023-12-21,4.4,-2.7,0.9,0.0,0.0,20.9,1,Partly cloudy
2023-12-22,2.7,-5.6,-2.1,0.0,0.0,13.1,3,Partly cloudy
2023-12-23,6.0,-3.4,0.7,0.5,0.0,9.7,51,Rainy
2023-12-24,8.8,1.2,4.3,0.0,0.0,7.6,3,Partly cloudy
2023-12-25,11.6,1.3,5.9,0.0,0.0,8.6,3,Partly cloudy
2023-12-26,7.7,3.0,4.8,0.0,0.0,7.3,3,Partly cloudy
2023-12-27,9.1,5.3,6.9,5.2,0.0,16.1,61,Rainy
2023-12-28,11.7,8.6,9.9,40.1,0.0,23.8,65,Rainy
2023-12-29,13.4,7.3,9.6,0.4,0.0,18.1,51,Rainy
2023-12-30,8.0,1.3,5.4,0.1,0.0,26.6,51,Rainy
2023-12-31,6.5,-2.0,2.8,0.0,0.0,15.9,3,Partly cloudy
